{"cameraMode":{"drawMode":0,"name":"Shaded","section":"Shading Mode"},"sceneLighting":false,"audioPlay":false,"sceneViewState":{"showFog":true,"showMaterialUpdate":false,"showSkybox":true,"showFlares":true,"showImageEffects":true,"showParticleSystems":true},"in2DMode":false,"pivot":{"x":25.140899658203126,"y":33.20387268066406,"z":28.08892059326172},"rotation":{"x":-0.24536675214767457,"y":-0.17221865057945252,"z":0.04434174299240112,"w":-0.9529793858528137},"size":86.77045440673828,"orthographic":false}