{"cameraMode":{"drawMode":0,"name":"Shaded","section":"Shading Mode"},"sceneLighting":false,"audioPlay":false,"sceneViewState":{"showFog":true,"showMaterialUpdate":false,"showSkybox":true,"showFlares":true,"showImageEffects":true,"showParticleSystems":true},"in2DMode":false,"pivot":{"x":0.2489185333251953,"y":0.2498025894165039,"z":-0.25082850456237795},"rotation":{"x":-0.2289007008075714,"y":-0.020440511405467988,"z":0.004807488061487675,"w":-0.9732233285903931},"size":2.857029438018799,"orthographic":false}