{"cameraMode":{"drawMode":0,"name":"Shaded","section":"Shading Mode"},"sceneLighting":false,"audioPlay":false,"sceneViewState":{"showFog":true,"showMaterialUpdate":false,"showSkybox":true,"showFlares":true,"showImageEffects":true,"showParticleSystems":true},"in2DMode":false,"pivot":{"x":6.9725189208984379,"y":3.006817579269409,"z":0.28337669372558596},"rotation":{"x":-0.2289007008075714,"y":-0.020440511405467988,"z":0.004807488061487675,"w":-0.9732233285903931},"size":2.857426881790161,"orthographic":false}