{"cameraMode":{"drawMode":0,"name":"Shaded","section":"Shading Mode"},"sceneLighting":false,"audioPlay":false,"sceneViewState":{"showFog":true,"showMaterialUpdate":false,"showSkybox":true,"showFlares":true,"showImageEffects":true,"showParticleSystems":true},"in2DMode":false,"pivot":{"x":-2.3936805725097658,"y":9.279212951660157,"z":-36.405540466308597},"rotation":{"x":-0.1758287101984024,"y":-0.13683879375457765,"z":0.024688521400094034,"w":-0.9745511412620544},"size":38.25900650024414,"orthographic":false}