{"cameraMode":{"drawMode":0,"name":"Shaded","section":"Shading Mode"},"sceneLighting":true,"audioPlay":false,"sceneViewState":{"showFog":true,"showMaterialUpdate":false,"showSkybox":true,"showFlares":true,"showImageEffects":true,"showParticleSystems":true},"in2DMode":false,"pivot":{"x":-12.634170532226563,"y":-311.3330383300781,"z":728.322998046875},"rotation":{"x":-0.20405463874340058,"y":-0.004404786974191666,"z":0.0009182273643091321,"w":-0.9789491891860962},"size":775.3390502929688,"orthographic":true}