{"cameraMode":{"drawMode":0,"name":"Shaded","section":"Shading Mode"},"sceneLighting":true,"audioPlay":false,"sceneViewState":{"showFog":true,"showMaterialUpdate":false,"showSkybox":true,"showFlares":true,"showImageEffects":true,"showParticleSystems":true},"in2DMode":false,"pivot":{"x":22.47254180908203,"y":-2.817410469055176,"z":1.5153694152832032},"rotation":{"x":-0.2510140836238861,"y":-0.2240171879529953,"z":0.0598333403468132,"w":-0.9398022890090942},"size":31.701313018798829,"orthographic":false}