{"cameraMode":{"drawMode":0,"name":"Shaded","section":"Shading Mode"},"sceneLighting":false,"audioPlay":false,"sceneViewState":{"showFog":true,"showMaterialUpdate":false,"showSkybox":true,"showFlares":true,"showImageEffects":true,"showParticleSystems":true},"in2DMode":false,"pivot":{"x":31.62366485595703,"y":25.883255004882814,"z":28.717029571533204},"rotation":{"x":-0.15382245182991029,"y":-0.1930989921092987,"z":0.030667101964354516,"w":-0.9685612916946411},"size":116.68431091308594,"orthographic":false}