{"cameraMode":{"drawMode":0,"name":"Shaded","section":"Shading Mode"},"sceneLighting":true,"audioPlay":false,"sceneViewState":{"showFog":true,"showMaterialUpdate":false,"showSkybox":true,"showFlares":true,"showImageEffects":true,"showParticleSystems":true},"in2DMode":false,"pivot":{"x":8.167001724243164,"y":14.825714111328125,"z":-10.301359176635743},"rotation":{"x":-0.3560556173324585,"y":0.2318767011165619,"z":-0.0916748121380806,"w":-0.9005849957466126},"size":15.004071235656739,"orthographic":false}